{
  "version": "1.0.0",
  "platformVersion": "4.3.2",
  "authentication": {
    "type": "session",
    "fields": [
      {
        "key": "server_address",
        "label": "Filemaker Server Address",
        "required": true,
        "type": "string",
        "helpText": "For example, https://fm007.mycompany.net"
      },
      {
        "key": "username",
        "label": "Username",
        "required": true,
        "type": "string",
        "helpText": "An Admin username credential you use for the server"
      },
      {
        "key": "password",
        "label": "Password",
        "required": true,
        "type": "password",
        "helpText": "An Admin password credential used with your username"
      }
    ],
    "test": "$func$2$f$",
    "sessionConfig": {
      "perform": "$func$2$f$"
    }
  },
  "beforeRequest": [
    "$func$3$f$"
  ],
  "afterResponse": [
    "$func$3$f$"
  ],
  "resources": {},
  "searches": {
    "getServerStatus": {
      "key": "getServerStatus",
      "noun": "Server Status",
      "display": {
        "label": "Request the Status of Your Server",
        "description": "Returns the status of your server"
      },
      "operation": {
        "inputFields": [
          {
            "key": "style",
            "type": "text",
            "helpText": "testing where this shows up"
          }
        ],
        "perform": "$func$2$f$",
        "sample": {
          "id": 1,
          "result": 0,
          "running": "true"
        },
        "outputFields": [
          {
            "key": "id",
            "label": "ID"
          },
          {
            "key": "result",
            "label": "Filemaker Result"
          },
          {
            "key": "running",
            "label": "Running"
          }
        ]
      }
    }
  },
  "triggers": {
    "getServerStatus": {
      "key": "getServerStatus",
      "noun": "Server Status",
      "display": {
        "label": "Poll for Server Status Changes",
        "description": "Triggers when the status of your server changes"
      },
      "operation": {
        "inputFields": [
          {
            "key": "style",
            "type": "text",
            "helpText": "testing where this shows up"
          }
        ],
        "perform": "$func$2$f$",
        "sample": {
          "id": 1,
          "result": 0,
          "running": "true"
        },
        "outputFields": [
          {
            "key": "id",
            "label": "ID"
          },
          {
            "key": "result",
            "label": "Filemaker Result"
          },
          {
            "key": "running",
            "label": "Running"
          }
        ]
      }
    },
    "getServerConfiguration": {
      "key": "getServerConfiguration",
      "noun": "Server Configuration!!!!!",
      "display": {
        "label": "Get Server Configuration!!!!!",
        "description": "Trigger for getting the status of your filemaker server"
      },
      "operation": {
        "inputFields": [
          {
            "key": "style",
            "type": "text",
            "helpText": "testing where this shows up"
          }
        ],
        "perform": "$func$2$f$",
        "sample": {
          "id": 1,
          "result": 0,
          "running": "true"
        },
        "outputFields": [
          {
            "key": "id",
            "label": "ID"
          },
          {
            "key": "result",
            "label": "Filemaker Result"
          },
          {
            "key": "running",
            "label": "Running"
          }
        ]
      }
    }
  },
  "creates": {},
  "searchOrCreates": {}
}