{
  "version": "1.0.0",
  "platformVersion": "4.3.2",
  "authentication": {
    "type": "session",
    "fields": [
      {
        "key": "server_address",
        "label": "Filemaker Server Address",
        "required": true,
        "type": "string",
        "helpText": "For example, https://fm007.mycompany.net"
      },
      {
        "key": "username",
        "label": "Username",
        "required": true,
        "type": "string",
        "helpText": "An Admin username credential you use for the server"
      },
      {
        "key": "password",
        "label": "Password",
        "required": true,
        "type": "password",
        "helpText": "An Admin password credential used with your username"
      }
    ],
    "test": "$func$2$f$",
    "sessionConfig": {
      "perform": "$func$2$f$"
    },
    "connectionLabel": "$func$2$f$"
  },
  "beforeRequest": [
    "$func$3$f$"
  ],
  "afterResponse": [
    "$func$3$f$"
  ],
  "resources": {},
  "searches": {
    "getServerStatus": {
      "key": "getServerStatus",
      "noun": "Server Status",
      "display": {
        "label": "Request the Status of Your Server",
        "description": "Returns the status of your server"
      },
      "operation": {
        "perform": "$func$2$f$",
        "inputFields": [
          {
            "key": "Empty",
            "type": "text",
            "helpText": "Please leave this empty"
          }
        ],
        "sample": {
          "id": 1,
          "result": 0,
          "running": "true"
        },
        "outputFields": [
          {
            "key": "id",
            "label": "ID"
          },
          {
            "key": "result",
            "label": "Filemaker Numeric Result"
          },
          {
            "key": "running",
            "label": "Running"
          }
        ]
      }
    },
    "getServerConfiguration": {
      "key": "getServerConfiguration",
      "noun": "Server Configuration",
      "display": {
        "label": "Request the Configuration of Your Server",
        "description": "Returns the configuration of your server"
      },
      "operation": {
        "perform": "$func$2$f$",
        "inputFields": [
          {
            "key": "Empty",
            "type": "text",
            "helpText": "Please leave this empty"
          }
        ],
        "sample": {
          "id": 1,
          "result": 0,
          "cacheSize": 100,
          "maxFiles": 100,
          "maxProConnections": 100,
          "maxPSOS": 100
        },
        "outputFields": [
          {
            "key": "id",
            "label": "ID"
          },
          {
            "key": "result",
            "label": "Filemaker Numeric Result"
          },
          {
            "key": "cacheSize",
            "label": "RAM reserved for database cache (MB)"
          },
          {
            "key": "maxFiles",
            "label": "Maximum number of files to host"
          },
          {
            "key": "maxProConnections",
            "label": "Maximum number of FileMaker Pro Advanced client connections"
          },
          {
            "key": "maxPSOS",
            "label": "Maximum simultaneous script sessions"
          }
        ]
      }
    },
    "getServerSecurityConfiguration": {
      "key": "getServerSecurityConfiguration",
      "noun": "Server Security Configuration",
      "display": {
        "label": "Request the Security Configuration of Your Server",
        "description": "Returns the security configuration of your server (server is set to only host pw-protected DBs or not)"
      },
      "operation": {
        "perform": "$func$2$f$",
        "inputFields": [
          {
            "key": "Empty",
            "type": "text",
            "helpText": "Please leave this empty"
          }
        ],
        "sample": {
          "id": 1,
          "result": 0,
          "requireSecureDB": 100
        },
        "outputFields": [
          {
            "key": "id",
            "label": "ID"
          },
          {
            "key": "result",
            "label": "Result"
          },
          {
            "key": "requireSecureDB",
            "label": "PwProtected"
          }
        ]
      }
    }
  },
  "triggers": {
    "getServerStatus": {
      "key": "getServerStatus",
      "noun": "Server Status",
      "display": {
        "label": "Poll for Server Status Changes",
        "description": "Triggers when the status of your server changes"
      },
      "operation": {
        "perform": "$func$2$f$",
        "sample": {
          "id": 1,
          "result": 0,
          "running": "true"
        },
        "outputFields": [
          {
            "key": "id",
            "label": "ID"
          },
          {
            "key": "result",
            "label": "Filemaker Numeric Result"
          },
          {
            "key": "running",
            "label": "Running"
          }
        ]
      }
    },
    "getServerConfiguration": {
      "key": "getServerConfiguration",
      "noun": "Server Configuration",
      "display": {
        "label": "Poll for Server Configuration Changes",
        "description": "Triggers when someone changes the server configuration"
      },
      "operation": {
        "perform": "$func$2$f$",
        "sample": {
          "id": 1,
          "result": 0,
          "cacheSize": 100,
          "maxFiles": 100,
          "maxProConnections": 100,
          "maxPSOS": 100
        },
        "outputFields": [
          {
            "key": "id",
            "label": "ID"
          },
          {
            "key": "result",
            "label": "Filemaker Numeric Result"
          },
          {
            "key": "cacheSize",
            "label": "RAM reserved for database cache (MB)"
          },
          {
            "key": "maxFiles",
            "label": "Maximum number of files to host"
          },
          {
            "key": "maxProConnections",
            "label": "Maximum number of FileMaker Pro Advanced client connections"
          },
          {
            "key": "maxPSOS",
            "label": "Maximum simultaneous script sessions"
          }
        ]
      }
    },
    "getServerSecurityConfiguration": {
      "key": "getServerSecurityConfiguration",
      "noun": "Server Security Configuration",
      "display": {
        "label": "Poll for Server Security Configuration Changes",
        "description": "Triggers when server security switches betweeen hosting only password-protected dbs and not"
      },
      "operation": {
        "perform": "$func$2$f$",
        "sample": {
          "id": 1,
          "result": 0,
          "requireSecureDB": 100
        },
        "outputFields": [
          {
            "key": "id",
            "label": "ID"
          },
          {
            "key": "result",
            "label": "Result"
          },
          {
            "key": "requireSecureDB",
            "label": "PwProtected"
          }
        ]
      }
    }
  },
  "creates": {},
  "searchOrCreates": {}
}