{
  "version": "1.0.0",
  "platformVersion": "5.0.0",
  "authentication": {
    "type": "session",
    "fields": [
      {
        "key": "server_address",
        "label": "Filemaker Server Address",
        "required": true,
        "type": "string",
        "helpText": "For example, https://fm007.mycompany.net"
      },
      {
        "key": "username",
        "label": "Username",
        "required": true,
        "type": "string",
        "helpText": "An Admin username credential you use for the server"
      },
      {
        "key": "password",
        "label": "Password",
        "required": true,
        "type": "password",
        "helpText": "An Admin password credential used with your username"
      }
    ],
    "test": "$func$2$f$",
    "sessionConfig": {
      "perform": "$func$2$f$"
    },
    "connectionLabel": "$func$2$f$"
  },
  "beforeRequest": [
    "$func$3$f$"
  ],
  "afterResponse": [
    "$func$3$f$"
  ],
  "resources": {},
  "searches": {},
  "triggers": {
    "pollServerStatus": {
      "key": "pollServerStatus",
      "noun": "Server Status",
      "display": {
        "label": "Poll for Server Status Changes",
        "description": "Triggers when the status of your server changes"
      },
      "operation": {
        "perform": "$func$2$f$",
        "sample": {
          "id": 1,
          "result": 0,
          "running": "true"
        },
        "outputFields": [
          {
            "key": "id",
            "label": "ID"
          },
          {
            "key": "result",
            "label": "Filemaker Numeric Result"
          },
          {
            "key": "running",
            "label": "Running"
          }
        ]
      }
    },
    "pollServerConfiguration": {
      "key": "pollServerConfiguration",
      "noun": "Server Configuration",
      "display": {
        "label": "Poll for Server Configuration Changes",
        "description": "Triggers when someone changes the server configuration"
      },
      "operation": {
        "perform": "$func$2$f$",
        "sample": {
          "id": 1,
          "result": 0,
          "cacheSize": 100,
          "maxFiles": 100,
          "maxProConnections": 100,
          "maxPSOS": 100
        },
        "outputFields": [
          {
            "key": "id",
            "label": "ID"
          },
          {
            "key": "result",
            "label": "Filemaker Numeric Result"
          },
          {
            "key": "cacheSize",
            "label": "RAM reserved for database cache (MB)"
          },
          {
            "key": "maxFiles",
            "label": "Maximum number of files to host"
          },
          {
            "key": "maxProConnections",
            "label": "Maximum number of FileMaker Pro Advanced client connections"
          },
          {
            "key": "maxPSOS",
            "label": "Maximum simultaneous script sessions"
          }
        ]
      }
    },
    "pollServerSecurityConfiguration": {
      "key": "pollServerSecurityConfiguration",
      "noun": "Server Security Configuration",
      "display": {
        "label": "Poll for Server Security Configuration Changes",
        "description": "Triggers when server security switches betweeen hosting only password-protected dbs and not"
      },
      "operation": {
        "perform": "$func$2$f$",
        "sample": {
          "id": 1,
          "result": 0,
          "requireSecureDB": 100
        },
        "outputFields": [
          {
            "key": "id",
            "label": "ID"
          },
          {
            "key": "result",
            "label": "Result"
          },
          {
            "key": "requireSecureDB",
            "label": "PwProtectedDatabase"
          }
        ]
      }
    }
  },
  "creates": {
    "getServerStatus": {
      "key": "getServerStatus",
      "noun": "Server Status",
      "display": {
        "label": "Request the Status of Your Server",
        "description": "Returns the status of your server"
      },
      "operation": {
        "perform": "$func$2$f$",
        "sample": {
          "id": 1,
          "result": 0,
          "running": "true"
        },
        "outputFields": [
          {
            "key": "id",
            "label": "ID"
          },
          {
            "key": "result",
            "label": "Filemaker Numeric Result"
          },
          {
            "key": "running",
            "label": "Running"
          }
        ]
      }
    },
    "setServerStatus": {
      "key": "setServerStatus",
      "noun": "Server Status",
      "display": {
        "label": "Set Server Status",
        "description": "Turn the server on or off"
      },
      "operation": {
        "perform": "$func$2$f$",
        "inputFields": [
          {
            "key": "running",
            "label": "Running",
            "type": "boolean",
            "helpText": "Set server to either 'true' (Running) or 'false' (Stopped)"
          }
        ],
        "sample": {
          "id": 1,
          "result": 0,
          "running": "true"
        },
        "outputFields": [
          {
            "key": "id",
            "label": "ID"
          },
          {
            "key": "result",
            "label": "Filemaker Numeric Result"
          }
        ]
      }
    },
    "getServerConfiguration": {
      "key": "getServerConfiguration",
      "noun": "Server Configuration",
      "display": {
        "label": "Request the Configuration of Your Server",
        "description": "Returns the configuration of your server"
      },
      "operation": {
        "perform": "$func$2$f$",
        "sample": {
          "id": 1,
          "result": 0,
          "cacheSize": 100,
          "maxFiles": 100,
          "maxProConnections": 100,
          "maxPSOS": 100
        },
        "outputFields": [
          {
            "key": "id",
            "label": "ID"
          },
          {
            "key": "result",
            "label": "Filemaker Numeric Result"
          },
          {
            "key": "cacheSize",
            "label": "RAM reserved for database cache (MB)"
          },
          {
            "key": "maxFiles",
            "label": "Maximum number of files to host"
          },
          {
            "key": "maxProConnections",
            "label": "Maximum number of FileMaker Pro Advanced client connections"
          },
          {
            "key": "maxPSOS",
            "label": "Maximum simultaneous script sessions"
          }
        ]
      }
    },
    "setServerConfiguration": {
      "key": "setServerConfiguration",
      "noun": "Server Configuration",
      "display": {
        "label": "Update Configuration of Server",
        "description": "Send values to update your server configuration"
      },
      "operation": {
        "perform": "$func$2$f$",
        "inputFields": [
          {
            "key": "cacheSize",
            "label": "Cache Size",
            "type": "integer",
            "required": false,
            "helpText": "Set a new cache size (RAM). Must be an integer of at least 64 MB"
          },
          {
            "key": "maxFiles",
            "label": "Max Files",
            "type": "integer",
            "required": false,
            "helpText": "Maximum number of files to host. Size range: 1-125"
          },
          {
            "key": "maxProConnections",
            "label": "Max Filemaker Pro Connections",
            "type": "integer",
            "required": false,
            "helpText": "Maximum number of FileMaker Pro Advanced client connections"
          },
          {
            "key": "maxPSOS",
            "label": "Max Perform Script on Servers",
            "type": "integer",
            "required": false,
            "helpText": "Maximum simultaneous script sessions"
          }
        ],
        "sample": {
          "id": 1,
          "result": 0,
          "cacheSize": 100,
          "maxFiles": 100,
          "maxProConnections": 100,
          "maxPSOS": 100
        },
        "outputFields": [
          {
            "key": "result",
            "label": "Filemaker Numeric Result"
          }
        ]
      }
    },
    "getServerSecurityConfiguration": {
      "key": "getServerSecurityConfiguration",
      "noun": "Server Security Configuration",
      "display": {
        "label": "Request the Security Configuration of Your Server",
        "description": "Returns the security configuration of your server (server is set to only host pw-protected DBs or not)"
      },
      "operation": {
        "perform": "$func$2$f$",
        "sample": {
          "id": 1,
          "result": 0,
          "requireSecureDB": 100
        },
        "outputFields": [
          {
            "key": "id",
            "label": "ID"
          },
          {
            "key": "result",
            "label": "Result"
          },
          {
            "key": "requireSecureDB",
            "label": "PwProtectedDatabase"
          }
        ]
      }
    },
    "setServerSecurityConfiguration": {
      "key": "setServerSecurityConfiguration",
      "noun": "Server Security Configuration",
      "display": {
        "label": "Set Security Configuration of Your Server",
        "description": "Change the security configuration of your server (set to only host pw-protected DBs or not)"
      },
      "operation": {
        "perform": "$func$2$f$",
        "inputFields": [
          {
            "key": "requireSecureDB",
            "label": "Set Server to Host PW-Protected Files",
            "type": "boolean",
            "required": true,
            "helpText": "Set whether or not the server hosts password-protected databases only"
          }
        ],
        "sample": {
          "id": 1,
          "result": 0,
          "requireSecureDB": 100
        },
        "outputFields": [
          {
            "key": "result",
            "label": "Result"
          }
        ]
      }
    },
    "closeDatabase": {
      "key": "closeDatabase",
      "noun": "Database",
      "display": {
        "label": "Close Database Solution",
        "description": "Close a database, given the Database ID"
      },
      "operation": {
        "perform": "$func$2$f$",
        "inputFields": [
          {
            "key": "db_i_d",
            "label": "Database ID",
            "type": "string",
            "required": true,
            "helpText": "Database ID of the database to disconnect"
          },
          {
            "key": "message",
            "label": "Message to Clients",
            "type": "string",
            "required": false,
            "helpText": "Text to send to clients being disconnected -> size range: 0-200"
          }
        ],
        "sample": {
          "id": 1,
          "result": 0
        },
        "outputFields": [
          {
            "key": "id",
            "label": "ID"
          },
          {
            "key": "result",
            "label": "Result"
          }
        ]
      }
    },
    "listDatabases": {
      "key": "listDatabases",
      "noun": "Database",
      "display": {
        "label": "List Databases",
        "description": "Returns a list of the Databases hosted on the server"
      },
      "operation": {
        "perform": "$func$2$f$",
        "sample": {
          "result": 0,
          "files": {
            "result": 0,
            "files": [
              {
                "clients": 1,
                "decryptHint": "",
                "enabledExtPrivileges": [
                  "fmapp",
                  "fmwebdirect"
                ],
                "filename": "FMServer_Sample.fmp12",
                "folder": "filemac:/Macintosh HD/Library/FileMaker Server/Data/Databases/Sample/",
                "hasSavedDecryptKey": false,
                "id": "1",
                "isEncrypted": false,
                "size": 909312,
                "status": "NORMAL"
              }
            ]
          },
          "clients": {
            "result": 0,
            "clients": [
              {
                "appLanguage": "",
                "appType": "FMWEBDIRECT",
                "appVersion": "Mac Chrome 63.0",
                "computerName": "127.0.0.1",
                "concurrent": true,
                "connectDuration": "00:00:03",
                "connectTime": "2017-09-06T01:18:21.000Z",
                "extpriv": "fmwebdirect",
                "guestFiles": [
                  {
                    "accountName": "[Guest]",
                    "filename": "FMServer_Sample.fmp12",
                    "id": "1",
                    "privsetName": "[Read-Only Access]"
                  }
                ],
                "id": "7",
                "ipaddress": "127.0.0.1",
                "macaddress": "",
                "operatingSystem": "OSX",
                "status": "NORMAL",
                "teamLicensed": true,
                "userName": "[WebDirect-51535]"
              }
            ]
          },
          "totalDBCount": 1,
          "openDBCount": 1,
          "fmproCount": 0,
          "fmgoCount": 0,
          "fmwebdCount": 1,
          "fmdapiCount": 0,
          "fmmiscCount": 0,
          "time": "2017-09-06T01:18:24.646Z"
        },
        "outputFields": [
          {
            "key": "id",
            "label": "ID"
          },
          {
            "key": "result",
            "label": "Result"
          },
          {
            "key": "files",
            "label": "Files"
          },
          {
            "key": "clients",
            "label": "Clients"
          },
          {
            "key": "totalDBCount",
            "label": "Total DB Count"
          },
          {
            "key": "openDBCount",
            "label": "Open DB Count"
          },
          {
            "key": "fmproCount",
            "label": "Filemaker Pro Count"
          },
          {
            "key": "fmgoCount",
            "label": "Filemaker GO Count"
          },
          {
            "key": "fmwebdCount",
            "label": "Filemaker WebDirect Count"
          },
          {
            "key": "fmapiCount",
            "label": "Filemaker API Count"
          },
          {
            "key": "fmmiscCount",
            "label": "Filemaker Miscellaneous Count"
          },
          {
            "key": "time",
            "label": "Time Request Processed"
          }
        ]
      }
    },
    "openDatabase": {
      "key": "openDatabase",
      "noun": "Database",
      "display": {
        "label": "Open Database Solution",
        "description": "Open a database, given the Database ID"
      },
      "operation": {
        "perform": "$func$2$f$",
        "inputFields": [
          {
            "key": "db_i_d",
            "label": "Database ID",
            "type": "string",
            "required": true,
            "helpText": "Database ID of the database to open"
          },
          {
            "key": "key",
            "label": "Database File Password",
            "type": "string",
            "required": false,
            "helpText": "Password for the Database File to open, if needed"
          }
        ],
        "sample": {
          "id": 1,
          "result": 0
        },
        "outputFields": [
          {
            "key": "id",
            "label": "ID"
          },
          {
            "key": "result",
            "label": "Result"
          }
        ]
      }
    },
    "createBackupSchedule": {
      "key": "createBackupSchedule",
      "noun": "Database",
      "display": {
        "label": "Create a Backup Schedule",
        "description": "Creates a backup schedule with given parameters"
      },
      "operation": {
        "perform": "$func$2$f$",
        "inputFields": [
          {
            "key": "taskType",
            "label": "Task Type",
            "type": "integer",
            "required": true,
            "helpText": "Type of backup schedule (taskType = 1)"
          },
          {
            "key": "name",
            "label": "Schedule Name",
            "type": "string",
            "required": true,
            "helpText": "Name of Scheduled Script"
          },
          {
            "key": "freqType",
            "label": "Schedule Frequency",
            "type": "integer",
            "required": true,
            "helpText": "1=Daily, 2=Daily, or Every n Days, 3=Weekly"
          },
          {
            "key": "startDate",
            "label": "Start Date",
            "type": "string",
            "required": true,
            "helpText": "\"Year-Month-Day-Hour-Minute-Second\" in 24-hour format"
          },
          {
            "key": "target",
            "label": "Database Type",
            "type": "integer",
            "required": true,
            "helpText": "2 - all databases, 3 - some databases under a subfolder, 4 - single database"
          },
          {
            "key": "backupTarget",
            "label": "Backup Folder Path",
            "type": "string",
            "required": true,
            "helpText": "Path to the backup directory location"
          },
          {
            "key": "maxBackups",
            "label": "Maximum # of Backups",
            "type": "integer",
            "required": false,
            "helpText": "A number from 0 - 99"
          },
          {
            "key": "fromTarget",
            "label": "From Target",
            "type": "string",
            "required": false,
            "helpText": "If Database Type = 3, then type a directory path. If Database Type = 4, then type a Database Name"
          },
          {
            "key": "clone",
            "label": "Clone Backup",
            "type": "boolean",
            "required": false,
            "helpText": "\"true\" to clone backup file. \"false\" otherwise"
          },
          {
            "key": "verify",
            "label": "Verify Backup Integrity",
            "type": "boolean",
            "required": false,
            "helpText": "default is false"
          },
          {
            "key": "repeatTask",
            "label": "Repeat within a Day",
            "type": "boolean",
            "required": false,
            "helpText": "Repeat within a day?"
          },
          {
            "key": "repeatInterval",
            "label": "Repeat Interval Time Unit",
            "type": "integer",
            "required": false,
            "helpText": "\"1\" for minute, and \"2\" for hour. Required if \"Repeat within a Day\" is true."
          },
          {
            "key": "repeatFrequency",
            "label": "Repeat Frequency",
            "type": "integer",
            "required": false,
            "helpText": "Time interval to repeat the task. Required if \"Repeat within a Day\" is true. Must be an integer from 1 to 60 when \"Repeat Interval Time Unit\" = 1 or from 1 to 24 when \"Repeat Interval Time Unit\"=2."
          },
          {
            "key": "daysOfTheWeek",
            "label": "Days of the Week",
            "type": "string",
            "required": false,
            "helpText": "Enable only if \"Schedule Frequency\" = 3. Ex: \"1001011\" indicates the schedule will run Sunday, Wednesday, Friday and Saturday."
          },
          {
            "key": "dailyDays",
            "label": "Day Interval",
            "type": "integer",
            "required": false,
            "helpText": "Enabled only when freqType = 2. Every how many days the schedule repeats, from 1 to 999. For example, 3 represents every 3 days. The default is 1."
          },
          {
            "key": "enableEndDate",
            "label": "Enable End Date",
            "type": "boolean",
            "required": false,
            "helpText": "Whether to specify an end date/time for the schedule."
          },
          {
            "key": "endDate",
            "label": "End Date",
            "type": "string",
            "required": false,
            "helpText": "Schedule end date/time (in \"Year-Month-Day-Hour-Minute-Second\" in 24-hour format). Required if \"Enable End Date\" or \"Repeat within a Day\" is true."
          },
          {
            "key": "sendEmail",
            "label": "Send Email",
            "type": "boolean",
            "required": false,
            "helpText": "Whether to send Emails. SMTP configuration is required"
          },
          {
            "key": "emailAddresses",
            "label": "Email Addresses",
            "type": "string",
            "required": false,
            "helpText": "Email addresses separated by comma. Required if \"sendEmail\" is true."
          },
          {
            "key": "enabled",
            "label": "enabled",
            "type": "boolean",
            "required": false,
            "helpText": "Whether schedule is enabled at create or edit."
          }
        ],
        "sample": {
          "id": 1,
          "result": 0,
          "schedules": [
            {
              "backupType": {
                "backupTarget": "filemac:/Macintosh HD/Library/FileMaker Server/Data/Backups/",
                "clone": "false",
                "fromTarget": "All Databases",
                "maxBackups": 5,
                "verify": "false"
              },
              "dailyDays": 1,
              "daysOfTheWeek": 0,
              "daysOfTheWeekDetails": "",
              "emailAddresses": "",
              "enabled": "true",
              "freqType": 2,
              "id": "4",
              "lastError": 0,
              "lastRun": "0000-00-00 00:480:00 GMT",
              "name": "Daily",
              "nextRun": "2017-10-12 23:30:00 GMT",
              "repeatFrequency": 10,
              "repeatInterval": 1,
              "repeatTask": "false",
              "sendEmail": "false",
              "startDate": "2017-10-11 23:30:00",
              "status": 1,
              "taskType": "BACKUP"
            }
          ]
        },
        "outputFields": [
          {
            "key": "id",
            "label": "ID"
          },
          {
            "key": "result",
            "label": "Result"
          },
          {
            "key": "schedules",
            "label": "Schedules"
          }
        ]
      }
    },
    "createFilemakerScriptSchedule": {
      "key": "createFilemakerScriptSchedule",
      "noun": "Filemaker Script Schedule",
      "display": {
        "label": "Create a Filemaker Script Schedule",
        "description": "Creates a Filemaker Script schedule with given parameters"
      },
      "operation": {
        "perform": "$func$2$f$",
        "inputFields": [
          {
            "key": "name",
            "label": "Schedule Name",
            "type": "string",
            "required": true,
            "helpText": "Name of Scheduled Script"
          },
          {
            "key": "freqType",
            "label": "Schedule Frequency",
            "type": "integer",
            "required": true,
            "helpText": "1=Daily, 2=Daily, or Every n Days, 3=Weekly"
          },
          {
            "key": "startDate",
            "label": "Start Date",
            "type": "string",
            "required": true,
            "helpText": "Year-Month-Day-Hour-Minute-Second in 24-hour format"
          },
          {
            "key": "fromTarget",
            "label": "Filemaker Database Name",
            "type": "string",
            "required": true,
            "helpText": "The name of the Filemaker Database"
          },
          {
            "key": "fmScriptName",
            "label": "FileMaker database script name",
            "type": "string",
            "required": true,
            "helpText": "If Database Type = 3, then type a directory path. If Database Type = 4, then type a Database Name"
          },
          {
            "key": "fmScriptParam",
            "label": "An optional script parameter to pass through",
            "type": "integer",
            "required": false,
            "helpText": "A good idea would be to send the script parameter as a bundled Stringified JSON object"
          },
          {
            "key": "fmScriptAccount",
            "label": "FileMaker database script account name",
            "type": "string",
            "required": false,
            "helpText": "Script Account Name"
          },
          {
            "key": "fmScriptPassword",
            "label": "FileMaker database script password",
            "type": "password",
            "required": false,
            "helpText": "Script Password"
          },
          {
            "key": "timeout",
            "label": "Time limit for script schedule",
            "type": "password",
            "required": false,
            "helpText": "Minutes. 0 means no time limit. Must be between 0 to 1439"
          },
          {
            "key": "autoAbort",
            "label": "Whether to stop the schedule if the time limit is reached",
            "type": "boolean",
            "required": false,
            "helpText": "Default is false"
          },
          {
            "key": "repeatTask",
            "label": "Repeat within a Day",
            "type": "boolean",
            "required": false,
            "helpText": "Repeat within a day?"
          },
          {
            "key": "repeatInterval",
            "label": "Repeat Interval Time Unit",
            "type": "integer",
            "required": false,
            "helpText": "\"1\" for minute, and \"2\" for hour. Required if \"Repeat within a Day\" is true."
          },
          {
            "key": "repeatFrequency",
            "label": "Repeat Frequency",
            "type": "integer",
            "required": false,
            "helpText": "Time interval to repeat the task. Required if \"Repeat within a Day\" is true. Must be an integer from 1 to 60 when \"Repeat Interval Time Unit\" = 1 or from 1 to 24 when \"Repeat Interval Time Unit\"=2"
          },
          {
            "key": "daysOfTheWeek",
            "label": "Days of the Week",
            "type": "string",
            "required": false,
            "helpText": "Enable only if \"Schedule Frequency\" = 3. Ex: \"1001011\" indicates the schedule will run Sunday, Wednesday, Friday and Saturday. 0000000 is not allowed"
          },
          {
            "key": "dailyDays",
            "label": "Day Interval",
            "type": "integer",
            "required": false,
            "helpText": "Enabled only when freqType = 2. Every how many days the schedule repeats, from 1 to 999. For example, 3 represents every 3 days. The default is 1"
          },
          {
            "key": "enableEndDate",
            "label": "Enable End Date",
            "type": "boolean",
            "required": false,
            "helpText": "Whether to specify an end date/time for the schedule."
          },
          {
            "key": "endDate",
            "label": "End Date",
            "type": "string",
            "required": false,
            "helpText": "Schedule end date/time (in \"Year-Month-Day-Hour-Minute-Second\" in 24-hour format). Required if \"Enable End Date\" or \"Repeat within a Day\" is true"
          },
          {
            "key": "sendEmail",
            "label": "Send Email",
            "type": "boolean",
            "required": false,
            "helpText": "Whether to send Emails. SMTP configuration is required"
          },
          {
            "key": "emailAddresses",
            "label": "Email Addresses",
            "type": "string",
            "required": false,
            "helpText": "Email addresses separated by comma. Required if \"sendEmail\" is true"
          },
          {
            "key": "enabled",
            "label": "enabled",
            "type": "boolean",
            "required": false,
            "helpText": "Whether schedule is enabled at create or edit. Default is false"
          }
        ],
        "sample": {
          "id": 1,
          "result": 0,
          "taskType": 5,
          "name": "FM Script Schedule",
          "freqType": 2,
          "startDate": "2017-10-12-09-15-00",
          "repeatTask": true,
          "repeatFrequency": 45,
          "repeatInterval": 1,
          "enableEndDate": true,
          "endDate": "2017-10-31-09-15-00",
          "fromTarget": "file:PlugIn.fmp12",
          "fmScriptAccount": "jane",
          "fmScriptPassword": "My$ecret",
          "fmScriptName": "UsePlugin",
          "fmScriptParam": "blah",
          "timeout": 2
        },
        "outputFields": [
          {
            "key": "id",
            "label": "ID"
          },
          {
            "key": "result",
            "label": "Result"
          },
          {
            "key": "schedules",
            "label": "Schedules"
          }
        ]
      }
    }
  },
  "searchOrCreates": {}
}