{
  "version": "1.0.0",
  "platformVersion": "4.3.2",
  "authentication": {
    "type": "session",
    "fields": [
      {
        "key": "server_address",
        "label": "Filemaker Server Address",
        "required": true,
        "type": "string",
        "helpText": "For example, https://fm007.mycompany.net"
      },
      {
        "key": "username",
        "label": "Username",
        "required": true,
        "type": "string",
        "helpText": "An Admin username credential you use for the server"
      },
      {
        "key": "password",
        "label": "Password",
        "required": true,
        "type": "password",
        "helpText": "An Admin password credential used with your username"
      }
    ],
    "test": "$func$2$f$",
    "sessionConfig": {
      "perform": "$func$2$f$"
    },
    "connectionLabel": "$func$2$f$"
  },
  "beforeRequest": [
    "$func$3$f$"
  ],
  "afterResponse": [
    "$func$3$f$"
  ],
  "resources": {},
  "searches": {},
  "triggers": {
    "pollServerStatus": {
      "key": "pollServerStatus",
      "noun": "Server Status",
      "display": {
        "label": "Poll for Server Status Changes",
        "description": "Triggers when the status of your server changes"
      },
      "operation": {
        "perform": "$func$2$f$",
        "sample": {
          "id": 1,
          "result": 0,
          "running": "true"
        },
        "outputFields": [
          {
            "key": "id",
            "label": "ID"
          },
          {
            "key": "result",
            "label": "Filemaker Numeric Result"
          },
          {
            "key": "running",
            "label": "Running"
          }
        ]
      }
    },
    "pollServerConfiguration": {
      "key": "pollServerConfiguration",
      "noun": "Server Configuration",
      "display": {
        "label": "Poll for Server Configuration Changes",
        "description": "Triggers when someone changes the server configuration"
      },
      "operation": {
        "perform": "$func$2$f$",
        "sample": {
          "id": 1,
          "result": 0,
          "cacheSize": 100,
          "maxFiles": 100,
          "maxProConnections": 100,
          "maxPSOS": 100
        },
        "outputFields": [
          {
            "key": "id",
            "label": "ID"
          },
          {
            "key": "result",
            "label": "Filemaker Numeric Result"
          },
          {
            "key": "cacheSize",
            "label": "RAM reserved for database cache (MB)"
          },
          {
            "key": "maxFiles",
            "label": "Maximum number of files to host"
          },
          {
            "key": "maxProConnections",
            "label": "Maximum number of FileMaker Pro Advanced client connections"
          },
          {
            "key": "maxPSOS",
            "label": "Maximum simultaneous script sessions"
          }
        ]
      }
    },
    "pollServerSecurityConfiguration": {
      "key": "pollServerSecurityConfiguration",
      "noun": "Server Security Configuration",
      "display": {
        "label": "Poll for Server Security Configuration Changes",
        "description": "Triggers when server security switches betweeen hosting only password-protected dbs and not"
      },
      "operation": {
        "perform": "$func$2$f$",
        "sample": {
          "id": 1,
          "result": 0,
          "requireSecureDB": 100
        },
        "outputFields": [
          {
            "key": "id",
            "label": "ID"
          },
          {
            "key": "result",
            "label": "Result"
          },
          {
            "key": "requireSecureDB",
            "label": "PwProtectedDatabase"
          }
        ]
      }
    }
  },
  "creates": {
    "getServerStatus": {
      "key": "getServerStatus",
      "noun": "Server Status",
      "display": {
        "label": "Request the Status of Your Server",
        "description": "Returns the status of your server"
      },
      "operation": {
        "perform": "$func$2$f$",
        "sample": {
          "id": 1,
          "result": 0,
          "running": "true"
        },
        "outputFields": [
          {
            "key": "id",
            "label": "ID"
          },
          {
            "key": "result",
            "label": "Filemaker Numeric Result"
          },
          {
            "key": "running",
            "label": "Running"
          }
        ]
      }
    },
    "setServerStatus": {
      "key": "setServerStatus",
      "noun": "Server Status",
      "display": {
        "label": "Set Server Status",
        "description": "Turn the server on or off"
      },
      "operation": {
        "perform": "$func$2$f$",
        "inputFields": [
          {
            "key": "Running",
            "type": "boolean",
            "helpText": "Set server to either 'true' (Running) or 'false' (Stopped)"
          }
        ],
        "sample": {
          "id": 1,
          "result": 0,
          "running": "true"
        },
        "outputFields": [
          {
            "key": "id",
            "label": "ID"
          },
          {
            "key": "result",
            "label": "Filemaker Numeric Result"
          }
        ]
      }
    },
    "getServerConfiguration": {
      "key": "getServerConfiguration",
      "noun": "Server Configuration",
      "display": {
        "label": "Request the Configuration of Your Server",
        "description": "Returns the configuration of your server"
      },
      "operation": {
        "perform": "$func$2$f$",
        "sample": {
          "id": 1,
          "result": 0,
          "cacheSize": 100,
          "maxFiles": 100,
          "maxProConnections": 100,
          "maxPSOS": 100
        },
        "outputFields": [
          {
            "key": "id",
            "label": "ID"
          },
          {
            "key": "result",
            "label": "Filemaker Numeric Result"
          },
          {
            "key": "cacheSize",
            "label": "RAM reserved for database cache (MB)"
          },
          {
            "key": "maxFiles",
            "label": "Maximum number of files to host"
          },
          {
            "key": "maxProConnections",
            "label": "Maximum number of FileMaker Pro Advanced client connections"
          },
          {
            "key": "maxPSOS",
            "label": "Maximum simultaneous script sessions"
          }
        ]
      }
    },
    "setServerConfiguration": {
      "key": "setServerConfiguration",
      "noun": "Server Configuration",
      "display": {
        "label": "Update Configuration of Server",
        "description": "Send values to update your server configuration"
      },
      "operation": {
        "perform": "$func$2$f$",
        "inputFields": [
          {
            "key": "cacheSize",
            "label": "Cache Size",
            "type": "integer",
            "required": false,
            "helpText": "Set a new cache size (RAM). Must be an integer of at least 64 MB"
          },
          {
            "key": "maxFiles",
            "label": "Max Files",
            "type": "integer",
            "required": false,
            "helpText": "Maximum number of files to host. Size range: 1-125"
          },
          {
            "key": "maxProConnections",
            "label": "Max Filemaker Pro Connections",
            "type": "integer",
            "required": false,
            "helpText": "Maximum number of FileMaker Pro Advanced client connections"
          },
          {
            "key": "maxPSOS",
            "label": "Max Perform Script on Servers",
            "type": "integer",
            "required": false,
            "helpText": "Maximum simultaneous script sessions"
          }
        ],
        "sample": {
          "id": 1,
          "result": 0,
          "cacheSize": 100,
          "maxFiles": 100,
          "maxProConnections": 100,
          "maxPSOS": 100
        },
        "outputFields": [
          {
            "key": "result",
            "label": "Filemaker Numeric Result"
          }
        ]
      }
    },
    "getServerSecurityConfiguration": {
      "key": "getServerSecurityConfiguration",
      "noun": "Server Security Configuration",
      "display": {
        "label": "Request the Security Configuration of Your Server",
        "description": "Returns the security configuration of your server (server is set to only host pw-protected DBs or not)"
      },
      "operation": {
        "perform": "$func$2$f$",
        "sample": {
          "id": 1,
          "result": 0,
          "requireSecureDB": 100
        },
        "outputFields": [
          {
            "key": "id",
            "label": "ID"
          },
          {
            "key": "result",
            "label": "Result"
          },
          {
            "key": "requireSecureDB",
            "label": "PwProtectedDatabase"
          }
        ]
      }
    },
    "setServerSecurityConfiguration": {
      "key": "setServerSecurityConfiguration",
      "noun": "Server Security Configuration",
      "display": {
        "label": "Set Security Configuration of Your Server",
        "description": "Change the security configuration of your server (set to only host pw-protected DBs or not)"
      },
      "operation": {
        "perform": "$func$2$f$",
        "inputFields": [
          {
            "key": "requireSecureDB",
            "type": "boolean",
            "required": true,
            "helpText": "Set whether or not the server hosts password-protected databases only"
          }
        ],
        "sample": {
          "id": 1,
          "result": 0,
          "requireSecureDB": 100
        },
        "outputFields": [
          {
            "key": "result",
            "label": "Result"
          }
        ]
      }
    },
    "closeDatabase": {
      "key": "closeDatabase",
      "noun": "Database",
      "display": {
        "label": "Close Database Solution",
        "description": "Close a database, given the Database ID"
      },
      "operation": {
        "perform": "$func$2$f$",
        "inputFields": [
          {
            "key": "dbid",
            "type": "string",
            "required": true,
            "helpText": "Database ID of the database to disconnect"
          },
          {
            "key": "message",
            "type": "string",
            "required": false,
            "helpText": "Text to send to clients being disconnected -> size range: 0-200"
          }
        ],
        "sample": {
          "id": 1,
          "result": 0
        },
        "outputFields": [
          {
            "key": "result",
            "label": "Result"
          }
        ]
      }
    },
    "listDatabases": {
      "key": "listDatabases",
      "noun": "Database",
      "display": {
        "label": "List Databases",
        "description": "Returns a list of the Databases hosted on the server"
      },
      "operation": {
        "perform": "$func$2$f$",
        "sample": {
          "result": 0,
          "files": {
            "result": 0,
            "files": [
              {
                "clients": 1,
                "decryptHint": "",
                "enabledExtPrivileges": [
                  "fmapp",
                  "fmwebdirect"
                ],
                "filename": "FMServer_Sample.fmp12",
                "folder": "filemac:/Macintosh HD/Library/FileMaker Server/Data/Databases/Sample/",
                "hasSavedDecryptKey": false,
                "id": "1",
                "isEncrypted": false,
                "size": 909312,
                "status": "NORMAL"
              }
            ]
          },
          "clients": {
            "result": 0,
            "clients": [
              {
                "appLanguage": "",
                "appType": "FMWEBDIRECT",
                "appVersion": "Mac Chrome 63.0",
                "computerName": "127.0.0.1",
                "concurrent": true,
                "connectDuration": "00:00:03",
                "connectTime": "2017-09-06T01:18:21.000Z",
                "extpriv": "fmwebdirect",
                "guestFiles": [
                  {
                    "accountName": "[Guest]",
                    "filename": "FMServer_Sample.fmp12",
                    "id": "1",
                    "privsetName": "[Read-Only Access]"
                  }
                ],
                "id": "7",
                "ipaddress": "127.0.0.1",
                "macaddress": "",
                "operatingSystem": "OSX",
                "status": "NORMAL",
                "teamLicensed": true,
                "userName": "[WebDirect-51535]"
              }
            ]
          },
          "totalDBCount": 1,
          "openDBCount": 1,
          "fmproCount": 0,
          "fmgoCount": 0,
          "fmwebdCount": 1,
          "fmdapiCount": 0,
          "fmmiscCount": 0,
          "time": "2017-09-06T01:18:24.646Z"
        },
        "outputFields": [
          {
            "key": "id",
            "label": "ID"
          },
          {
            "key": "result",
            "label": "Result"
          },
          {
            "key": "files",
            "label": "Files"
          },
          {
            "key": "clients",
            "label": "Clients"
          },
          {
            "key": "totalDBCount",
            "label": "Total DB Count"
          },
          {
            "key": "openDBCount",
            "label": "Open DB Count"
          },
          {
            "key": "fmproCount",
            "label": "Filemaker Pro Count"
          },
          {
            "key": "fmgoCount",
            "label": "Filemaker GO Count"
          },
          {
            "key": "fmwebdCount",
            "label": "Filemaker WebDirect Count"
          },
          {
            "key": "fmapiCount",
            "label": "Filemaker API Count"
          },
          {
            "key": "fmmiscCount",
            "label": "Filemaker Miscellaneous Count"
          },
          {
            "key": "time",
            "label": "Time Request Processed"
          }
        ]
      }
    },
    "openDatabase": {
      "key": "openDatabase",
      "noun": "Database",
      "display": {
        "label": "Open Database Solution",
        "description": "Open a database, given the Database ID"
      },
      "operation": {
        "perform": "$func$2$f$",
        "inputFields": [
          {
            "key": "dbid",
            "type": "string",
            "required": true,
            "helpText": "Database ID of the database to disconnect"
          },
          {
            "key": "key",
            "type": "string",
            "required": false,
            "helpText": "Password for the Database File to open"
          }
        ],
        "sample": {
          "id": 1,
          "result": 0
        },
        "outputFields": [
          {
            "key": "result",
            "label": "Result"
          }
        ]
      }
    }
  },
  "searchOrCreates": {}
}